files,Preds,
/Users/henriwoodcock/Documents/Code/data_projects/automatic-asset-classification/data/processing/embankment/test/embankment_409.jpg,0,1
/Users/henriwoodcock/Documents/Code/data_projects/automatic-asset-classification/data/processing/embankment/test/embankment_435.jpg,0,1
/Users/henriwoodcock/Documents/Code/data_projects/automatic-asset-classification/data/processing/embankment/test/embankment_353.jpg,1,0
/Users/henriwoodcock/Documents/Code/data_projects/automatic-asset-classification/data/processing/embankment/test/embankment_347.jpg,1,0
/Users/henriwoodcock/Documents/Code/data_projects/automatic-asset-classification/data/processing/embankment/test/embankment_421.jpg,0,1
/Users/henriwoodcock/Documents/Code/data_projects/automatic-asset-classification/data/processing/embankment/test/embankment_58.jpg,1,0
/Users/henriwoodcock/Documents/Code/data_projects/automatic-asset-classification/data/processing/embankment/test/embankment_390.jpg,0,1
/Users/henriwoodcock/Documents/Code/data_projects/automatic-asset-classification/data/processing/embankment/test/embankment_384.jpg,0,1
/Users/henriwoodcock/Documents/Code/data_projects/automatic-asset-classification/data/processing/embankment/test/embankment_70.jpg,0,1
/Users/henriwoodcock/Documents/Code/data_projects/automatic-asset-classification/data/processing/embankment/test/embankment_151.jpg,1,0
/Users/henriwoodcock/Documents/Code/data_projects/automatic-asset-classification/data/processing/embankment/test/embankment_637.jpg,1,0
/Users/henriwoodcock/Documents/Code/data_projects/automatic-asset-classification/data/processing/embankment/test/embankment_623.jpg,1,0
/Users/henriwoodcock/Documents/Code/data_projects/automatic-asset-classification/data/processing/embankment/test/embankment_145.jpg,0,1
/Users/henriwoodcock/Documents/Code/data_projects/automatic-asset-classification/data/processing/embankment/test/embankment_192.jpg,0,1
/Users/henriwoodcock/Documents/Code/data_projects/automatic-asset-classification/data/processing/embankment/test/embankment_186.jpg,1,0
/Users/henriwoodcock/Documents/Code/data_projects/automatic-asset-classification/data/processing/embankment/test/embankment_569.jpg,0,1
/Users/henriwoodcock/Documents/Code/data_projects/automatic-asset-classification/data/processing/embankment/test/embankment_541.jpg,1,0
/Users/henriwoodcock/Documents/Code/data_projects/automatic-asset-classification/data/processing/embankment/test/embankment_227.jpg,1,0
/Users/henriwoodcock/Documents/Code/data_projects/automatic-asset-classification/data/processing/embankment/test/embankment_233.jpg,0,1
/Users/henriwoodcock/Documents/Code/data_projects/automatic-asset-classification/data/processing/embankment/test/embankment_555.jpg,0,1
/Users/henriwoodcock/Documents/Code/data_projects/automatic-asset-classification/data/processing/embankment/test/embankment_582.jpg,1,0
/Users/henriwoodcock/Documents/Code/data_projects/automatic-asset-classification/data/processing/embankment/test/embankment_596.jpg,0,1
/Users/henriwoodcock/Documents/Code/data_projects/automatic-asset-classification/data/processing/embankment/test/embankment_597.jpg,1,0
/Users/henriwoodcock/Documents/Code/data_projects/automatic-asset-classification/data/processing/embankment/test/embankment_583.jpg,1,0
/Users/henriwoodcock/Documents/Code/data_projects/automatic-asset-classification/data/processing/embankment/test/embankment_232.jpg,1,0
/Users/henriwoodcock/Documents/Code/data_projects/automatic-asset-classification/data/processing/embankment/test/embankment_554.jpg,0,1
/Users/henriwoodcock/Documents/Code/data_projects/automatic-asset-classification/data/processing/embankment/test/embankment_540.jpg,0,1
/Users/henriwoodcock/Documents/Code/data_projects/automatic-asset-classification/data/processing/embankment/test/embankment_226.jpg,1,0
/Users/henriwoodcock/Documents/Code/data_projects/automatic-asset-classification/data/processing/embankment/test/embankment_568.jpg,0,1
/Users/henriwoodcock/Documents/Code/data_projects/automatic-asset-classification/data/processing/embankment/test/embankment_187.jpg,1,0
/Users/henriwoodcock/Documents/Code/data_projects/automatic-asset-classification/data/processing/embankment/test/embankment_193.jpg,1,0
/Users/henriwoodcock/Documents/Code/data_projects/automatic-asset-classification/data/processing/embankment/test/embankment_144.jpg,1,0
/Users/henriwoodcock/Documents/Code/data_projects/automatic-asset-classification/data/processing/embankment/test/embankment_150.jpg,1,0
/Users/henriwoodcock/Documents/Code/data_projects/automatic-asset-classification/data/processing/embankment/test/embankment_636.jpg,0,1
/Users/henriwoodcock/Documents/Code/data_projects/automatic-asset-classification/data/processing/embankment/test/embankment_178.jpg,1,0
/Users/henriwoodcock/Documents/Code/data_projects/automatic-asset-classification/data/processing/embankment/test/embankment_71.jpg,1,0
/Users/henriwoodcock/Documents/Code/data_projects/automatic-asset-classification/data/processing/embankment/test/embankment_385.jpg,1,0
/Users/henriwoodcock/Documents/Code/data_projects/automatic-asset-classification/data/processing/embankment/test/embankment_65.jpg,1,0
/Users/henriwoodcock/Documents/Code/data_projects/automatic-asset-classification/data/processing/embankment/test/embankment_391.jpg,1,0
/Users/henriwoodcock/Documents/Code/data_projects/automatic-asset-classification/data/processing/embankment/test/embankment_59.jpg,1,0
/Users/henriwoodcock/Documents/Code/data_projects/automatic-asset-classification/data/processing/embankment/test/embankment_420.jpg,1,0
/Users/henriwoodcock/Documents/Code/data_projects/automatic-asset-classification/data/processing/embankment/test/embankment_434.jpg,0,1
/Users/henriwoodcock/Documents/Code/data_projects/automatic-asset-classification/data/processing/embankment/test/embankment_352.jpg,0,1
/Users/henriwoodcock/Documents/Code/data_projects/automatic-asset-classification/data/processing/embankment/test/embankment_408.jpg,1,0
/Users/henriwoodcock/Documents/Code/data_projects/automatic-asset-classification/data/processing/embankment/test/embankment_378.jpg,1,0
/Users/henriwoodcock/Documents/Code/data_projects/automatic-asset-classification/data/processing/embankment/test/embankment_422.jpg,0,1
/Users/henriwoodcock/Documents/Code/data_projects/automatic-asset-classification/data/processing/embankment/test/embankment_344.jpg,0,1
/Users/henriwoodcock/Documents/Code/data_projects/automatic-asset-classification/data/processing/embankment/test/embankment_350.jpg,0,1
/Users/henriwoodcock/Documents/Code/data_projects/automatic-asset-classification/data/processing/embankment/test/embankment_436.jpg,1,0
/Users/henriwoodcock/Documents/Code/data_projects/automatic-asset-classification/data/processing/embankment/test/embankment_387.jpg,1,0
/Users/henriwoodcock/Documents/Code/data_projects/automatic-asset-classification/data/processing/embankment/test/embankment_73.jpg,0,1
/Users/henriwoodcock/Documents/Code/data_projects/automatic-asset-classification/data/processing/embankment/test/embankment_393.jpg,1,0
/Users/henriwoodcock/Documents/Code/data_projects/automatic-asset-classification/data/processing/embankment/test/embankment_67.jpg,1,0
/Users/henriwoodcock/Documents/Code/data_projects/automatic-asset-classification/data/processing/embankment/test/embankment_608.jpg,0,1
/Users/henriwoodcock/Documents/Code/data_projects/automatic-asset-classification/data/processing/embankment/test/embankment_620.jpg,0,1
/Users/henriwoodcock/Documents/Code/data_projects/automatic-asset-classification/data/processing/embankment/test/embankment_634.jpg,1,0
/Users/henriwoodcock/Documents/Code/data_projects/automatic-asset-classification/data/processing/embankment/test/embankment_152.jpg,1,0
/Users/henriwoodcock/Documents/Code/data_projects/automatic-asset-classification/data/processing/embankment/test/embankment_218.jpg,1,0
/Users/henriwoodcock/Documents/Code/data_projects/automatic-asset-classification/data/processing/embankment/test/embankment_556.jpg,0,1
/Users/henriwoodcock/Documents/Code/data_projects/automatic-asset-classification/data/processing/embankment/test/embankment_230.jpg,1,0
/Users/henriwoodcock/Documents/Code/data_projects/automatic-asset-classification/data/processing/embankment/test/embankment_224.jpg,0,1
/Users/henriwoodcock/Documents/Code/data_projects/automatic-asset-classification/data/processing/embankment/test/embankment_542.jpg,1,0
/Users/henriwoodcock/Documents/Code/data_projects/automatic-asset-classification/data/processing/embankment/test/embankment_595.jpg,0,1
/Users/henriwoodcock/Documents/Code/data_projects/automatic-asset-classification/data/processing/embankment/test/embankment_581.jpg,1,0
/Users/henriwoodcock/Documents/Code/data_projects/automatic-asset-classification/data/processing/embankment/test/embankment_580.jpg,0,1
/Users/henriwoodcock/Documents/Code/data_projects/automatic-asset-classification/data/processing/embankment/test/embankment_594.jpg,0,1
/Users/henriwoodcock/Documents/Code/data_projects/automatic-asset-classification/data/processing/embankment/test/embankment_225.jpg,1,0
/Users/henriwoodcock/Documents/Code/data_projects/automatic-asset-classification/data/processing/embankment/test/embankment_557.jpg,0,1
/Users/henriwoodcock/Documents/Code/data_projects/automatic-asset-classification/data/processing/embankment/test/embankment_219.jpg,0,1
/Users/henriwoodcock/Documents/Code/data_projects/automatic-asset-classification/data/processing/embankment/test/embankment_190.jpg,0,1
/Users/henriwoodcock/Documents/Code/data_projects/automatic-asset-classification/data/processing/embankment/test/embankment_184.jpg,0,1
/Users/henriwoodcock/Documents/Code/data_projects/automatic-asset-classification/data/processing/embankment/test/embankment_635.jpg,1,0
/Users/henriwoodcock/Documents/Code/data_projects/automatic-asset-classification/data/processing/embankment/test/embankment_153.jpg,1,0
/Users/henriwoodcock/Documents/Code/data_projects/automatic-asset-classification/data/processing/embankment/test/embankment_147.jpg,1,0
/Users/henriwoodcock/Documents/Code/data_projects/automatic-asset-classification/data/processing/embankment/test/embankment_621.jpg,1,0
/Users/henriwoodcock/Documents/Code/data_projects/automatic-asset-classification/data/processing/embankment/test/embankment_609.jpg,0,1
/Users/henriwoodcock/Documents/Code/data_projects/automatic-asset-classification/data/processing/embankment/test/embankment_66.jpg,1,0
/Users/henriwoodcock/Documents/Code/data_projects/automatic-asset-classification/data/processing/embankment/test/embankment_392.jpg,1,0
/Users/henriwoodcock/Documents/Code/data_projects/automatic-asset-classification/data/processing/embankment/test/embankment_72.jpg,0,1
/Users/henriwoodcock/Documents/Code/data_projects/automatic-asset-classification/data/processing/embankment/test/embankment_386.jpg,1,0
/Users/henriwoodcock/Documents/Code/data_projects/automatic-asset-classification/data/processing/embankment/test/embankment_351.jpg,1,0
/Users/henriwoodcock/Documents/Code/data_projects/automatic-asset-classification/data/processing/embankment/test/embankment_437.jpg,0,1
/Users/henriwoodcock/Documents/Code/data_projects/automatic-asset-classification/data/processing/embankment/test/embankment_423.jpg,1,0
/Users/henriwoodcock/Documents/Code/data_projects/automatic-asset-classification/data/processing/embankment/test/embankment_345.jpg,1,0
/Users/henriwoodcock/Documents/Code/data_projects/automatic-asset-classification/data/processing/embankment/test/embankment_99.jpg,0,1
/Users/henriwoodcock/Documents/Code/data_projects/automatic-asset-classification/data/processing/embankment/test/embankment_379.jpg,1,0
/Users/henriwoodcock/Documents/Code/data_projects/automatic-asset-classification/data/processing/embankment/test/embankment_341.jpg,0,1
/Users/henriwoodcock/Documents/Code/data_projects/automatic-asset-classification/data/processing/embankment/test/embankment_427.jpg,1,0
/Users/henriwoodcock/Documents/Code/data_projects/automatic-asset-classification/data/processing/embankment/test/embankment_433.jpg,1,0
/Users/henriwoodcock/Documents/Code/data_projects/automatic-asset-classification/data/processing/embankment/test/embankment_355.jpg,0,1
/Users/henriwoodcock/Documents/Code/data_projects/automatic-asset-classification/data/processing/embankment/test/embankment_89.jpg,1,0
/Users/henriwoodcock/Documents/Code/data_projects/automatic-asset-classification/data/processing/embankment/test/embankment_369.jpg,0,1
/Users/henriwoodcock/Documents/Code/data_projects/automatic-asset-classification/data/processing/embankment/test/embankment_382.jpg,1,0
/Users/henriwoodcock/Documents/Code/data_projects/automatic-asset-classification/data/processing/embankment/test/embankment_76.jpg,1,0
/Users/henriwoodcock/Documents/Code/data_projects/automatic-asset-classification/data/processing/embankment/test/embankment_396.jpg,0,1
/Users/henriwoodcock/Documents/Code/data_projects/automatic-asset-classification/data/processing/embankment/test/embankment_625.jpg,0,1
/Users/henriwoodcock/Documents/Code/data_projects/automatic-asset-classification/data/processing/embankment/test/embankment_143.jpg,1,0
/Users/henriwoodcock/Documents/Code/data_projects/automatic-asset-classification/data/processing/embankment/test/embankment_631.jpg,1,0
/Users/henriwoodcock/Documents/Code/data_projects/automatic-asset-classification/data/processing/embankment/test/embankment_619.jpg,0,1
/Users/henriwoodcock/Documents/Code/data_projects/automatic-asset-classification/data/processing/embankment/test/embankment_180.jpg,1,0
/Users/henriwoodcock/Documents/Code/data_projects/automatic-asset-classification/data/processing/embankment/test/embankment_194.jpg,1,0
/Users/henriwoodcock/Documents/Code/data_projects/automatic-asset-classification/data/processing/embankment/test/embankment_235.jpg,1,0
/Users/henriwoodcock/Documents/Code/data_projects/automatic-asset-classification/data/processing/embankment/test/embankment_547.jpg,0,1
/Users/henriwoodcock/Documents/Code/data_projects/automatic-asset-classification/data/processing/embankment/test/embankment_221.jpg,1,0
/Users/henriwoodcock/Documents/Code/data_projects/automatic-asset-classification/data/processing/embankment/test/embankment_209.jpg,1,0
/Users/henriwoodcock/Documents/Code/data_projects/automatic-asset-classification/data/processing/embankment/test/embankment_584.jpg,1,0
/Users/henriwoodcock/Documents/Code/data_projects/automatic-asset-classification/data/processing/embankment/test/embankment_585.jpg,0,1
/Users/henriwoodcock/Documents/Code/data_projects/automatic-asset-classification/data/processing/embankment/test/embankment_208.jpg,1,0
/Users/henriwoodcock/Documents/Code/data_projects/automatic-asset-classification/data/processing/embankment/test/embankment_546.jpg,0,1
/Users/henriwoodcock/Documents/Code/data_projects/automatic-asset-classification/data/processing/embankment/test/embankment_220.jpg,0,1
/Users/henriwoodcock/Documents/Code/data_projects/automatic-asset-classification/data/processing/embankment/test/embankment_234.jpg,0,1
/Users/henriwoodcock/Documents/Code/data_projects/automatic-asset-classification/data/processing/embankment/test/embankment_552.jpg,0,1
/Users/henriwoodcock/Documents/Code/data_projects/automatic-asset-classification/data/processing/embankment/test/embankment_181.jpg,1,0
/Users/henriwoodcock/Documents/Code/data_projects/automatic-asset-classification/data/processing/embankment/test/embankment_156.jpg,1,0
/Users/henriwoodcock/Documents/Code/data_projects/automatic-asset-classification/data/processing/embankment/test/embankment_630.jpg,1,0
/Users/henriwoodcock/Documents/Code/data_projects/automatic-asset-classification/data/processing/embankment/test/embankment_624.jpg,0,1
/Users/henriwoodcock/Documents/Code/data_projects/automatic-asset-classification/data/processing/embankment/test/embankment_142.jpg,1,0
/Users/henriwoodcock/Documents/Code/data_projects/automatic-asset-classification/data/processing/embankment/test/embankment_63.jpg,0,1
/Users/henriwoodcock/Documents/Code/data_projects/automatic-asset-classification/data/processing/embankment/test/embankment_397.jpg,1,0
/Users/henriwoodcock/Documents/Code/data_projects/automatic-asset-classification/data/processing/embankment/test/embankment_77.jpg,0,1
/Users/henriwoodcock/Documents/Code/data_projects/automatic-asset-classification/data/processing/embankment/test/embankment_383.jpg,1,0
/Users/henriwoodcock/Documents/Code/data_projects/automatic-asset-classification/data/processing/embankment/test/embankment_368.jpg,0,1
/Users/henriwoodcock/Documents/Code/data_projects/automatic-asset-classification/data/processing/embankment/test/embankment_88.jpg,1,0
/Users/henriwoodcock/Documents/Code/data_projects/automatic-asset-classification/data/processing/embankment/test/embankment_432.jpg,1,0
/Users/henriwoodcock/Documents/Code/data_projects/automatic-asset-classification/data/processing/embankment/test/embankment_340.jpg,0,1
/Users/henriwoodcock/Documents/Code/data_projects/automatic-asset-classification/data/processing/embankment/test/embankment_426.jpg,0,1
/Users/henriwoodcock/Documents/Code/data_projects/automatic-asset-classification/data/processing/embankment/test/embankment_356.jpg,0,1
/Users/henriwoodcock/Documents/Code/data_projects/automatic-asset-classification/data/processing/embankment/test/embankment_424.jpg,1,0
/Users/henriwoodcock/Documents/Code/data_projects/automatic-asset-classification/data/processing/embankment/test/embankment_342.jpg,0,1
/Users/henriwoodcock/Documents/Code/data_projects/automatic-asset-classification/data/processing/embankment/test/embankment_418.jpg,1,0
/Users/henriwoodcock/Documents/Code/data_projects/automatic-asset-classification/data/processing/embankment/test/embankment_395.jpg,1,0
/Users/henriwoodcock/Documents/Code/data_projects/automatic-asset-classification/data/processing/embankment/test/embankment_61.jpg,1,0
/Users/henriwoodcock/Documents/Code/data_projects/automatic-asset-classification/data/processing/embankment/test/embankment_381.jpg,1,0
/Users/henriwoodcock/Documents/Code/data_projects/automatic-asset-classification/data/processing/embankment/test/embankment_75.jpg,1,0
/Users/henriwoodcock/Documents/Code/data_projects/automatic-asset-classification/data/processing/embankment/test/embankment_49.jpg,1,0
/Users/henriwoodcock/Documents/Code/data_projects/automatic-asset-classification/data/processing/embankment/test/embankment_632.jpg,0,1
/Users/henriwoodcock/Documents/Code/data_projects/automatic-asset-classification/data/processing/embankment/test/embankment_154.jpg,1,0
/Users/henriwoodcock/Documents/Code/data_projects/automatic-asset-classification/data/processing/embankment/test/embankment_140.jpg,1,0
/Users/henriwoodcock/Documents/Code/data_projects/automatic-asset-classification/data/processing/embankment/test/embankment_626.jpg,0,1
/Users/henriwoodcock/Documents/Code/data_projects/automatic-asset-classification/data/processing/embankment/test/embankment_168.jpg,1,0
/Users/henriwoodcock/Documents/Code/data_projects/automatic-asset-classification/data/processing/embankment/test/embankment_197.jpg,1,0
/Users/henriwoodcock/Documents/Code/data_projects/automatic-asset-classification/data/processing/embankment/test/embankment_222.jpg,1,0
/Users/henriwoodcock/Documents/Code/data_projects/automatic-asset-classification/data/processing/embankment/test/embankment_544.jpg,0,1
/Users/henriwoodcock/Documents/Code/data_projects/automatic-asset-classification/data/processing/embankment/test/embankment_236.jpg,0,1
/Users/henriwoodcock/Documents/Code/data_projects/automatic-asset-classification/data/processing/embankment/test/embankment_578.jpg,0,1
/Users/henriwoodcock/Documents/Code/data_projects/automatic-asset-classification/data/processing/embankment/test/embankment_587.jpg,0,1
/Users/henriwoodcock/Documents/Code/data_projects/automatic-asset-classification/data/processing/embankment/test/embankment_593.jpg,1,0
/Users/henriwoodcock/Documents/Code/data_projects/automatic-asset-classification/data/processing/embankment/test/embankment_592.jpg,0,1
/Users/henriwoodcock/Documents/Code/data_projects/automatic-asset-classification/data/processing/embankment/test/embankment_579.jpg,1,0
/Users/henriwoodcock/Documents/Code/data_projects/automatic-asset-classification/data/processing/embankment/test/embankment_237.jpg,0,1
/Users/henriwoodcock/Documents/Code/data_projects/automatic-asset-classification/data/processing/embankment/test/embankment_223.jpg,0,1
/Users/henriwoodcock/Documents/Code/data_projects/automatic-asset-classification/data/processing/embankment/test/embankment_545.jpg,1,0
/Users/henriwoodcock/Documents/Code/data_projects/automatic-asset-classification/data/processing/embankment/test/embankment_182.jpg,1,0
/Users/henriwoodcock/Documents/Code/data_projects/automatic-asset-classification/data/processing/embankment/test/embankment_169.jpg,1,0
/Users/henriwoodcock/Documents/Code/data_projects/automatic-asset-classification/data/processing/embankment/test/embankment_141.jpg,1,0
/Users/henriwoodcock/Documents/Code/data_projects/automatic-asset-classification/data/processing/embankment/test/embankment_627.jpg,0,1
/Users/henriwoodcock/Documents/Code/data_projects/automatic-asset-classification/data/processing/embankment/test/embankment_633.jpg,0,1
/Users/henriwoodcock/Documents/Code/data_projects/automatic-asset-classification/data/processing/embankment/test/embankment_155.jpg,1,0
/Users/henriwoodcock/Documents/Code/data_projects/automatic-asset-classification/data/processing/embankment/test/embankment_48.jpg,0,1
/Users/henriwoodcock/Documents/Code/data_projects/automatic-asset-classification/data/processing/embankment/test/embankment_60.jpg,1,0
/Users/henriwoodcock/Documents/Code/data_projects/automatic-asset-classification/data/processing/embankment/test/embankment_394.jpg,1,0
/Users/henriwoodcock/Documents/Code/data_projects/automatic-asset-classification/data/processing/embankment/test/embankment_419.jpg,1,0
/Users/henriwoodcock/Documents/Code/data_projects/automatic-asset-classification/data/processing/embankment/test/embankment_425.jpg,0,1
/Users/henriwoodcock/Documents/Code/data_projects/automatic-asset-classification/data/processing/embankment/test/embankment_343.jpg,1,0
/Users/henriwoodcock/Documents/Code/data_projects/automatic-asset-classification/data/processing/embankment/test/embankment_431.jpg,0,1
/Users/henriwoodcock/Documents/Code/data_projects/automatic-asset-classification/data/processing/embankment/test/embankment_318.jpg,1,0
/Users/henriwoodcock/Documents/Code/data_projects/automatic-asset-classification/data/processing/embankment/test/embankment_330.jpg,1,0
/Users/henriwoodcock/Documents/Code/data_projects/automatic-asset-classification/data/processing/embankment/test/embankment_456.jpg,1,0
/Users/henriwoodcock/Documents/Code/data_projects/automatic-asset-classification/data/processing/embankment/test/embankment_442.jpg,0,1
/Users/henriwoodcock/Documents/Code/data_projects/automatic-asset-classification/data/processing/embankment/test/embankment_324.jpg,1,0
/Users/henriwoodcock/Documents/Code/data_projects/automatic-asset-classification/data/processing/embankment/test/embankment_495.jpg,1,0
/Users/henriwoodcock/Documents/Code/data_projects/automatic-asset-classification/data/processing/embankment/test/embankment_481.jpg,0,1
/Users/henriwoodcock/Documents/Code/data_projects/automatic-asset-classification/data/processing/embankment/test/embankment_13.jpg,1,0
/Users/henriwoodcock/Documents/Code/data_projects/automatic-asset-classification/data/processing/embankment/test/embankment_668.jpg,0,1
/Users/henriwoodcock/Documents/Code/data_projects/automatic-asset-classification/data/processing/embankment/test/embankment_654.jpg,0,1
/Users/henriwoodcock/Documents/Code/data_projects/automatic-asset-classification/data/processing/embankment/test/embankment_132.jpg,0,1
/Users/henriwoodcock/Documents/Code/data_projects/automatic-asset-classification/data/processing/embankment/test/embankment_126.jpg,0,1
/Users/henriwoodcock/Documents/Code/data_projects/automatic-asset-classification/data/processing/embankment/test/embankment_640.jpg,0,1
/Users/henriwoodcock/Documents/Code/data_projects/automatic-asset-classification/data/processing/embankment/test/embankment_244.jpg,1,0
/Users/henriwoodcock/Documents/Code/data_projects/automatic-asset-classification/data/processing/embankment/test/embankment_522.jpg,1,0
/Users/henriwoodcock/Documents/Code/data_projects/automatic-asset-classification/data/processing/embankment/test/embankment_536.jpg,1,0
/Users/henriwoodcock/Documents/Code/data_projects/automatic-asset-classification/data/processing/embankment/test/embankment_250.jpg,0,1
/Users/henriwoodcock/Documents/Code/data_projects/automatic-asset-classification/data/processing/embankment/test/embankment_293.jpg,0,1
/Users/henriwoodcock/Documents/Code/data_projects/automatic-asset-classification/data/processing/embankment/test/embankment_292.jpg,1,0
/Users/henriwoodcock/Documents/Code/data_projects/automatic-asset-classification/data/processing/embankment/test/embankment_286.jpg,1,0
/Users/henriwoodcock/Documents/Code/data_projects/automatic-asset-classification/data/processing/embankment/test/embankment_537.jpg,0,1
/Users/henriwoodcock/Documents/Code/data_projects/automatic-asset-classification/data/processing/embankment/test/embankment_251.jpg,1,0
/Users/henriwoodcock/Documents/Code/data_projects/automatic-asset-classification/data/processing/embankment/test/embankment_245.jpg,0,1
/Users/henriwoodcock/Documents/Code/data_projects/automatic-asset-classification/data/processing/embankment/test/embankment_523.jpg,1,0
/Users/henriwoodcock/Documents/Code/data_projects/automatic-asset-classification/data/processing/embankment/test/embankment_279.jpg,1,0
/Users/henriwoodcock/Documents/Code/data_projects/automatic-asset-classification/data/processing/embankment/test/embankment_641.jpg,1,0
/Users/henriwoodcock/Documents/Code/data_projects/automatic-asset-classification/data/processing/embankment/test/embankment_655.jpg,0,1
/Users/henriwoodcock/Documents/Code/data_projects/automatic-asset-classification/data/processing/embankment/test/embankment_133.jpg,0,1
/Users/henriwoodcock/Documents/Code/data_projects/automatic-asset-classification/data/processing/embankment/test/embankment_480.jpg,0,1
/Users/henriwoodcock/Documents/Code/data_projects/automatic-asset-classification/data/processing/embankment/test/embankment_12.jpg,1,0
/Users/henriwoodcock/Documents/Code/data_projects/automatic-asset-classification/data/processing/embankment/test/embankment_494.jpg,1,0
/Users/henriwoodcock/Documents/Code/data_projects/automatic-asset-classification/data/processing/embankment/test/embankment_443.jpg,1,0
/Users/henriwoodcock/Documents/Code/data_projects/automatic-asset-classification/data/processing/embankment/test/embankment_1.jpg,1,0
/Users/henriwoodcock/Documents/Code/data_projects/automatic-asset-classification/data/processing/embankment/test/embankment_319.jpg,1,0
/Users/henriwoodcock/Documents/Code/data_projects/automatic-asset-classification/data/processing/embankment/test/embankment_469.jpg,0,1
/Users/henriwoodcock/Documents/Code/data_projects/automatic-asset-classification/data/processing/embankment/test/embankment_327.jpg,1,0
/Users/henriwoodcock/Documents/Code/data_projects/automatic-asset-classification/data/processing/embankment/test/embankment_441.jpg,0,1
/Users/henriwoodcock/Documents/Code/data_projects/automatic-asset-classification/data/processing/embankment/test/embankment_3.jpg,1,0
/Users/henriwoodcock/Documents/Code/data_projects/automatic-asset-classification/data/processing/embankment/test/embankment_38.jpg,0,1
/Users/henriwoodcock/Documents/Code/data_projects/automatic-asset-classification/data/processing/embankment/test/embankment_10.jpg,1,0
/Users/henriwoodcock/Documents/Code/data_projects/automatic-asset-classification/data/processing/embankment/test/embankment_482.jpg,1,0
/Users/henriwoodcock/Documents/Code/data_projects/automatic-asset-classification/data/processing/embankment/test/embankment_496.jpg,1,0
/Users/henriwoodcock/Documents/Code/data_projects/automatic-asset-classification/data/processing/embankment/test/embankment_119.jpg,1,0
/Users/henriwoodcock/Documents/Code/data_projects/automatic-asset-classification/data/processing/embankment/test/embankment_643.jpg,1,0
/Users/henriwoodcock/Documents/Code/data_projects/automatic-asset-classification/data/processing/embankment/test/embankment_125.jpg,1,0
/Users/henriwoodcock/Documents/Code/data_projects/automatic-asset-classification/data/processing/embankment/test/embankment_131.jpg,1,0
/Users/henriwoodcock/Documents/Code/data_projects/automatic-asset-classification/data/processing/embankment/test/embankment_657.jpg,0,1
/Users/henriwoodcock/Documents/Code/data_projects/automatic-asset-classification/data/processing/embankment/test/embankment_253.jpg,0,1
/Users/henriwoodcock/Documents/Code/data_projects/automatic-asset-classification/data/processing/embankment/test/embankment_535.jpg,1,0
/Users/henriwoodcock/Documents/Code/data_projects/automatic-asset-classification/data/processing/embankment/test/embankment_521.jpg,0,1
/Users/henriwoodcock/Documents/Code/data_projects/automatic-asset-classification/data/processing/embankment/test/embankment_247.jpg,1,0
/Users/henriwoodcock/Documents/Code/data_projects/automatic-asset-classification/data/processing/embankment/test/embankment_290.jpg,0,1
/Users/henriwoodcock/Documents/Code/data_projects/automatic-asset-classification/data/processing/embankment/test/embankment_284.jpg,0,1
/Users/henriwoodcock/Documents/Code/data_projects/automatic-asset-classification/data/processing/embankment/test/embankment_285.jpg,0,1
/Users/henriwoodcock/Documents/Code/data_projects/automatic-asset-classification/data/processing/embankment/test/embankment_291.jpg,1,0
/Users/henriwoodcock/Documents/Code/data_projects/automatic-asset-classification/data/processing/embankment/test/embankment_520.jpg,1,0
/Users/henriwoodcock/Documents/Code/data_projects/automatic-asset-classification/data/processing/embankment/test/embankment_246.jpg,1,0
/Users/henriwoodcock/Documents/Code/data_projects/automatic-asset-classification/data/processing/embankment/test/embankment_252.jpg,1,0
/Users/henriwoodcock/Documents/Code/data_projects/automatic-asset-classification/data/processing/embankment/test/embankment_642.jpg,0,1
/Users/henriwoodcock/Documents/Code/data_projects/automatic-asset-classification/data/processing/embankment/test/embankment_124.jpg,1,0
/Users/henriwoodcock/Documents/Code/data_projects/automatic-asset-classification/data/processing/embankment/test/embankment_118.jpg,1,0
/Users/henriwoodcock/Documents/Code/data_projects/automatic-asset-classification/data/processing/embankment/test/embankment_497.jpg,0,1
/Users/henriwoodcock/Documents/Code/data_projects/automatic-asset-classification/data/processing/embankment/test/embankment_11.jpg,1,0
/Users/henriwoodcock/Documents/Code/data_projects/automatic-asset-classification/data/processing/embankment/test/embankment_483.jpg,1,0
/Users/henriwoodcock/Documents/Code/data_projects/automatic-asset-classification/data/processing/embankment/test/embankment_39.jpg,1,0
/Users/henriwoodcock/Documents/Code/data_projects/automatic-asset-classification/data/processing/embankment/test/embankment_2.jpg,1,0
/Users/henriwoodcock/Documents/Code/data_projects/automatic-asset-classification/data/processing/embankment/test/embankment_454.jpg,0,1
/Users/henriwoodcock/Documents/Code/data_projects/automatic-asset-classification/data/processing/embankment/test/embankment_332.jpg,0,1
/Users/henriwoodcock/Documents/Code/data_projects/automatic-asset-classification/data/processing/embankment/test/embankment_326.jpg,1,0
/Users/henriwoodcock/Documents/Code/data_projects/automatic-asset-classification/data/processing/embankment/test/embankment_440.jpg,1,0
/Users/henriwoodcock/Documents/Code/data_projects/automatic-asset-classification/data/processing/embankment/test/embankment_468.jpg,1,0
/Users/henriwoodcock/Documents/Code/data_projects/automatic-asset-classification/data/processing/embankment/test/embankment_444.jpg,1,0
/Users/henriwoodcock/Documents/Code/data_projects/automatic-asset-classification/data/processing/embankment/test/embankment_336.jpg,0,1
/Users/henriwoodcock/Documents/Code/data_projects/automatic-asset-classification/data/processing/embankment/test/embankment_450.jpg,1,0
/Users/henriwoodcock/Documents/Code/data_projects/automatic-asset-classification/data/processing/embankment/test/embankment_6.jpg,1,0
/Users/henriwoodcock/Documents/Code/data_projects/automatic-asset-classification/data/processing/embankment/test/embankment_487.jpg,0,1
/Users/henriwoodcock/Documents/Code/data_projects/automatic-asset-classification/data/processing/embankment/test/embankment_15.jpg,1,0
/Users/henriwoodcock/Documents/Code/data_projects/automatic-asset-classification/data/processing/embankment/test/embankment_29.jpg,0,1
/Users/henriwoodcock/Documents/Code/data_projects/automatic-asset-classification/data/processing/embankment/test/embankment_120.jpg,1,0
/Users/henriwoodcock/Documents/Code/data_projects/automatic-asset-classification/data/processing/embankment/test/embankment_646.jpg,1,0
/Users/henriwoodcock/Documents/Code/data_projects/automatic-asset-classification/data/processing/embankment/test/embankment_652.jpg,1,0
/Users/henriwoodcock/Documents/Code/data_projects/automatic-asset-classification/data/processing/embankment/test/embankment_134.jpg,1,0
/Users/henriwoodcock/Documents/Code/data_projects/automatic-asset-classification/data/processing/embankment/test/embankment_108.jpg,1,0
/Users/henriwoodcock/Documents/Code/data_projects/automatic-asset-classification/data/processing/embankment/test/embankment_530.jpg,1,0
/Users/henriwoodcock/Documents/Code/data_projects/automatic-asset-classification/data/processing/embankment/test/embankment_256.jpg,1,0
/Users/henriwoodcock/Documents/Code/data_projects/automatic-asset-classification/data/processing/embankment/test/embankment_242.jpg,1,0
/Users/henriwoodcock/Documents/Code/data_projects/automatic-asset-classification/data/processing/embankment/test/embankment_518.jpg,1,0
/Users/henriwoodcock/Documents/Code/data_projects/automatic-asset-classification/data/processing/embankment/test/embankment_295.jpg,1,0
/Users/henriwoodcock/Documents/Code/data_projects/automatic-asset-classification/data/processing/embankment/test/embankment_281.jpg,0,1
/Users/henriwoodcock/Documents/Code/data_projects/automatic-asset-classification/data/processing/embankment/test/embankment_280.jpg,1,0
/Users/henriwoodcock/Documents/Code/data_projects/automatic-asset-classification/data/processing/embankment/test/embankment_294.jpg,1,0
/Users/henriwoodcock/Documents/Code/data_projects/automatic-asset-classification/data/processing/embankment/test/embankment_519.jpg,0,1
/Users/henriwoodcock/Documents/Code/data_projects/automatic-asset-classification/data/processing/embankment/test/embankment_243.jpg,1,0
/Users/henriwoodcock/Documents/Code/data_projects/automatic-asset-classification/data/processing/embankment/test/embankment_525.jpg,1,0
/Users/henriwoodcock/Documents/Code/data_projects/automatic-asset-classification/data/processing/embankment/test/embankment_531.jpg,1,0
/Users/henriwoodcock/Documents/Code/data_projects/automatic-asset-classification/data/processing/embankment/test/embankment_257.jpg,1,0
/Users/henriwoodcock/Documents/Code/data_projects/automatic-asset-classification/data/processing/embankment/test/embankment_109.jpg,1,0
/Users/henriwoodcock/Documents/Code/data_projects/automatic-asset-classification/data/processing/embankment/test/embankment_653.jpg,0,1
/Users/henriwoodcock/Documents/Code/data_projects/automatic-asset-classification/data/processing/embankment/test/embankment_135.jpg,1,0
/Users/henriwoodcock/Documents/Code/data_projects/automatic-asset-classification/data/processing/embankment/test/embankment_121.jpg,1,0
/Users/henriwoodcock/Documents/Code/data_projects/automatic-asset-classification/data/processing/embankment/test/embankment_28.jpg,1,0
/Users/henriwoodcock/Documents/Code/data_projects/automatic-asset-classification/data/processing/embankment/test/embankment_492.jpg,1,0
/Users/henriwoodcock/Documents/Code/data_projects/automatic-asset-classification/data/processing/embankment/test/embankment_486.jpg,1,0
/Users/henriwoodcock/Documents/Code/data_projects/automatic-asset-classification/data/processing/embankment/test/embankment_14.jpg,1,0
/Users/henriwoodcock/Documents/Code/data_projects/automatic-asset-classification/data/processing/embankment/test/embankment_479.jpg,1,0
/Users/henriwoodcock/Documents/Code/data_projects/automatic-asset-classification/data/processing/embankment/test/embankment_337.jpg,1,0
/Users/henriwoodcock/Documents/Code/data_projects/automatic-asset-classification/data/processing/embankment/test/embankment_7.jpg,1,0
/Users/henriwoodcock/Documents/Code/data_projects/automatic-asset-classification/data/processing/embankment/test/embankment_451.jpg,1,0
/Users/henriwoodcock/Documents/Code/data_projects/automatic-asset-classification/data/processing/embankment/test/embankment_445.jpg,0,1
/Users/henriwoodcock/Documents/Code/data_projects/automatic-asset-classification/data/processing/embankment/test/embankment_323.jpg,0,1
/Users/henriwoodcock/Documents/Code/data_projects/automatic-asset-classification/data/processing/embankment/test/embankment_453.jpg,0,1
/Users/henriwoodcock/Documents/Code/data_projects/automatic-asset-classification/data/processing/embankment/test/embankment_5.jpg,1,0
/Users/henriwoodcock/Documents/Code/data_projects/automatic-asset-classification/data/processing/embankment/test/embankment_335.jpg,1,0
/Users/henriwoodcock/Documents/Code/data_projects/automatic-asset-classification/data/processing/embankment/test/embankment_321.jpg,0,1
/Users/henriwoodcock/Documents/Code/data_projects/automatic-asset-classification/data/processing/embankment/test/embankment_447.jpg,1,0
/Users/henriwoodcock/Documents/Code/data_projects/automatic-asset-classification/data/processing/embankment/test/embankment_309.jpg,1,0
/Users/henriwoodcock/Documents/Code/data_projects/automatic-asset-classification/data/processing/embankment/test/embankment_16.jpg,1,0
/Users/henriwoodcock/Documents/Code/data_projects/automatic-asset-classification/data/processing/embankment/test/embankment_484.jpg,1,0
/Users/henriwoodcock/Documents/Code/data_projects/automatic-asset-classification/data/processing/embankment/test/embankment_137.jpg,0,1
/Users/henriwoodcock/Documents/Code/data_projects/automatic-asset-classification/data/processing/embankment/test/embankment_651.jpg,0,1
/Users/henriwoodcock/Documents/Code/data_projects/automatic-asset-classification/data/processing/embankment/test/embankment_123.jpg,1,0
/Users/henriwoodcock/Documents/Code/data_projects/automatic-asset-classification/data/processing/embankment/test/embankment_527.jpg,1,0
/Users/henriwoodcock/Documents/Code/data_projects/automatic-asset-classification/data/processing/embankment/test/embankment_241.jpg,1,0
/Users/henriwoodcock/Documents/Code/data_projects/automatic-asset-classification/data/processing/embankment/test/embankment_255.jpg,1,0
/Users/henriwoodcock/Documents/Code/data_projects/automatic-asset-classification/data/processing/embankment/test/embankment_533.jpg,0,1
/Users/henriwoodcock/Documents/Code/data_projects/automatic-asset-classification/data/processing/embankment/test/embankment_269.jpg,1,0
/Users/henriwoodcock/Documents/Code/data_projects/automatic-asset-classification/data/processing/embankment/test/embankment_282.jpg,1,0
/Users/henriwoodcock/Documents/Code/data_projects/automatic-asset-classification/data/processing/embankment/test/embankment_296.jpg,1,0
/Users/henriwoodcock/Documents/Code/data_projects/automatic-asset-classification/data/processing/embankment/test/embankment_297.jpg,1,0
/Users/henriwoodcock/Documents/Code/data_projects/automatic-asset-classification/data/processing/embankment/test/embankment_283.jpg,1,0
/Users/henriwoodcock/Documents/Code/data_projects/automatic-asset-classification/data/processing/embankment/test/embankment_268.jpg,1,0
/Users/henriwoodcock/Documents/Code/data_projects/automatic-asset-classification/data/processing/embankment/test/embankment_254.jpg,0,1
/Users/henriwoodcock/Documents/Code/data_projects/automatic-asset-classification/data/processing/embankment/test/embankment_532.jpg,1,0
/Users/henriwoodcock/Documents/Code/data_projects/automatic-asset-classification/data/processing/embankment/test/embankment_240.jpg,1,0
/Users/henriwoodcock/Documents/Code/data_projects/automatic-asset-classification/data/processing/embankment/test/embankment_122.jpg,1,0
/Users/henriwoodcock/Documents/Code/data_projects/automatic-asset-classification/data/processing/embankment/test/embankment_650.jpg,0,1
/Users/henriwoodcock/Documents/Code/data_projects/automatic-asset-classification/data/processing/embankment/test/embankment_17.jpg,1,0
/Users/henriwoodcock/Documents/Code/data_projects/automatic-asset-classification/data/processing/embankment/test/embankment_491.jpg,1,0
/Users/henriwoodcock/Documents/Code/data_projects/automatic-asset-classification/data/processing/embankment/test/embankment_308.jpg,1,0
/Users/henriwoodcock/Documents/Code/data_projects/automatic-asset-classification/data/processing/embankment/test/embankment_320.jpg,1,0
/Users/henriwoodcock/Documents/Code/data_projects/automatic-asset-classification/data/processing/embankment/test/embankment_446.jpg,0,1
/Users/henriwoodcock/Documents/Code/data_projects/automatic-asset-classification/data/processing/embankment/test/embankment_4.jpg,1,0
/Users/henriwoodcock/Documents/Code/data_projects/automatic-asset-classification/data/processing/embankment/test/embankment_334.jpg,0,1
/Users/henriwoodcock/Documents/Code/data_projects/automatic-asset-classification/data/processing/embankment/test/embankment_9.jpg,1,0
/Users/henriwoodcock/Documents/Code/data_projects/automatic-asset-classification/data/processing/embankment/test/embankment_339.jpg,0,1
/Users/henriwoodcock/Documents/Code/data_projects/automatic-asset-classification/data/processing/embankment/test/embankment_477.jpg,0,1
/Users/henriwoodcock/Documents/Code/data_projects/automatic-asset-classification/data/processing/embankment/test/embankment_463.jpg,0,1
/Users/henriwoodcock/Documents/Code/data_projects/automatic-asset-classification/data/processing/embankment/test/embankment_305.jpg,1,0
/Users/henriwoodcock/Documents/Code/data_projects/automatic-asset-classification/data/processing/embankment/test/embankment_488.jpg,0,1
/Users/henriwoodcock/Documents/Code/data_projects/automatic-asset-classification/data/processing/embankment/test/embankment_32.jpg,1,0
/Users/henriwoodcock/Documents/Code/data_projects/automatic-asset-classification/data/processing/embankment/test/embankment_649.jpg,0,1
/Users/henriwoodcock/Documents/Code/data_projects/automatic-asset-classification/data/processing/embankment/test/embankment_113.jpg,1,0
/Users/henriwoodcock/Documents/Code/data_projects/automatic-asset-classification/data/processing/embankment/test/embankment_661.jpg,1,0
/Users/henriwoodcock/Documents/Code/data_projects/automatic-asset-classification/data/processing/embankment/test/embankment_259.jpg,0,1
/Users/henriwoodcock/Documents/Code/data_projects/automatic-asset-classification/data/processing/embankment/test/embankment_265.jpg,0,1
/Users/henriwoodcock/Documents/Code/data_projects/automatic-asset-classification/data/processing/embankment/test/embankment_503.jpg,0,1
/Users/henriwoodcock/Documents/Code/data_projects/automatic-asset-classification/data/processing/embankment/test/embankment_517.jpg,0,1
/Users/henriwoodcock/Documents/Code/data_projects/automatic-asset-classification/data/processing/embankment/test/embankment_271.jpg,1,0
/Users/henriwoodcock/Documents/Code/data_projects/automatic-asset-classification/data/processing/embankment/test/embankment_516.jpg,1,0
/Users/henriwoodcock/Documents/Code/data_projects/automatic-asset-classification/data/processing/embankment/test/embankment_270.jpg,1,0
/Users/henriwoodcock/Documents/Code/data_projects/automatic-asset-classification/data/processing/embankment/test/embankment_264.jpg,1,0
/Users/henriwoodcock/Documents/Code/data_projects/automatic-asset-classification/data/processing/embankment/test/embankment_502.jpg,0,1
/Users/henriwoodcock/Documents/Code/data_projects/automatic-asset-classification/data/processing/embankment/test/embankment_258.jpg,1,0
/Users/henriwoodcock/Documents/Code/data_projects/automatic-asset-classification/data/processing/embankment/test/embankment_106.jpg,0,1
/Users/henriwoodcock/Documents/Code/data_projects/automatic-asset-classification/data/processing/embankment/test/embankment_660.jpg,1,0
/Users/henriwoodcock/Documents/Code/data_projects/automatic-asset-classification/data/processing/embankment/test/embankment_112.jpg,1,0
/Users/henriwoodcock/Documents/Code/data_projects/automatic-asset-classification/data/processing/embankment/test/embankment_648.jpg,0,1
/Users/henriwoodcock/Documents/Code/data_projects/automatic-asset-classification/data/processing/embankment/test/embankment_33.jpg,1,0
/Users/henriwoodcock/Documents/Code/data_projects/automatic-asset-classification/data/processing/embankment/test/embankment_489.jpg,1,0
/Users/henriwoodcock/Documents/Code/data_projects/automatic-asset-classification/data/processing/embankment/test/embankment_462.jpg,1,0
/Users/henriwoodcock/Documents/Code/data_projects/automatic-asset-classification/data/processing/embankment/test/embankment_304.jpg,0,1
/Users/henriwoodcock/Documents/Code/data_projects/automatic-asset-classification/data/processing/embankment/test/embankment_310.jpg,0,1
/Users/henriwoodcock/Documents/Code/data_projects/automatic-asset-classification/data/processing/embankment/test/embankment_476.jpg,0,1
/Users/henriwoodcock/Documents/Code/data_projects/automatic-asset-classification/data/processing/embankment/test/embankment_8.jpg,1,0
/Users/henriwoodcock/Documents/Code/data_projects/automatic-asset-classification/data/processing/embankment/test/embankment_448.jpg,1,0
/Users/henriwoodcock/Documents/Code/data_projects/automatic-asset-classification/data/processing/embankment/test/embankment_306.jpg,1,0
/Users/henriwoodcock/Documents/Code/data_projects/automatic-asset-classification/data/processing/embankment/test/embankment_460.jpg,1,0
/Users/henriwoodcock/Documents/Code/data_projects/automatic-asset-classification/data/processing/embankment/test/embankment_474.jpg,0,1
/Users/henriwoodcock/Documents/Code/data_projects/automatic-asset-classification/data/processing/embankment/test/embankment_312.jpg,0,1
/Users/henriwoodcock/Documents/Code/data_projects/automatic-asset-classification/data/processing/embankment/test/embankment_19.jpg,1,0
/Users/henriwoodcock/Documents/Code/data_projects/automatic-asset-classification/data/processing/embankment/test/embankment_31.jpg,1,0
/Users/henriwoodcock/Documents/Code/data_projects/automatic-asset-classification/data/processing/embankment/test/embankment_25.jpg,1,0
/Users/henriwoodcock/Documents/Code/data_projects/automatic-asset-classification/data/processing/embankment/test/embankment_138.jpg,1,0
/Users/henriwoodcock/Documents/Code/data_projects/automatic-asset-classification/data/processing/embankment/test/embankment_104.jpg,1,0
/Users/henriwoodcock/Documents/Code/data_projects/automatic-asset-classification/data/processing/embankment/test/embankment_110.jpg,1,0
/Users/henriwoodcock/Documents/Code/data_projects/automatic-asset-classification/data/processing/embankment/test/embankment_528.jpg,0,1
/Users/henriwoodcock/Documents/Code/data_projects/automatic-asset-classification/data/processing/embankment/test/embankment_272.jpg,0,1
/Users/henriwoodcock/Documents/Code/data_projects/automatic-asset-classification/data/processing/embankment/test/embankment_514.jpg,1,0
/Users/henriwoodcock/Documents/Code/data_projects/automatic-asset-classification/data/processing/embankment/test/embankment_500.jpg,0,1
/Users/henriwoodcock/Documents/Code/data_projects/automatic-asset-classification/data/processing/embankment/test/embankment_266.jpg,1,0
/Users/henriwoodcock/Documents/Code/data_projects/automatic-asset-classification/data/processing/embankment/test/embankment_299.jpg,0,1
/Users/henriwoodcock/Documents/Code/data_projects/automatic-asset-classification/data/processing/embankment/test/embankment_298.jpg,0,1
/Users/henriwoodcock/Documents/Code/data_projects/automatic-asset-classification/data/processing/embankment/test/embankment_501.jpg,0,1
/Users/henriwoodcock/Documents/Code/data_projects/automatic-asset-classification/data/processing/embankment/test/embankment_267.jpg,1,0
/Users/henriwoodcock/Documents/Code/data_projects/automatic-asset-classification/data/processing/embankment/test/embankment_273.jpg,1,0
/Users/henriwoodcock/Documents/Code/data_projects/automatic-asset-classification/data/processing/embankment/test/embankment_515.jpg,0,1
/Users/henriwoodcock/Documents/Code/data_projects/automatic-asset-classification/data/processing/embankment/test/embankment_529.jpg,1,0
/Users/henriwoodcock/Documents/Code/data_projects/automatic-asset-classification/data/processing/embankment/test/embankment_111.jpg,1,0
/Users/henriwoodcock/Documents/Code/data_projects/automatic-asset-classification/data/processing/embankment/test/embankment_663.jpg,1,0
/Users/henriwoodcock/Documents/Code/data_projects/automatic-asset-classification/data/processing/embankment/test/embankment_105.jpg,1,0
/Users/henriwoodcock/Documents/Code/data_projects/automatic-asset-classification/data/processing/embankment/test/embankment_139.jpg,1,0
/Users/henriwoodcock/Documents/Code/data_projects/automatic-asset-classification/data/processing/embankment/test/embankment_24.jpg,1,0
/Users/henriwoodcock/Documents/Code/data_projects/automatic-asset-classification/data/processing/embankment/test/embankment_30.jpg,1,0
/Users/henriwoodcock/Documents/Code/data_projects/automatic-asset-classification/data/processing/embankment/test/embankment_18.jpg,1,0
/Users/henriwoodcock/Documents/Code/data_projects/automatic-asset-classification/data/processing/embankment/test/embankment_475.jpg,1,0
/Users/henriwoodcock/Documents/Code/data_projects/automatic-asset-classification/data/processing/embankment/test/embankment_313.jpg,0,1
/Users/henriwoodcock/Documents/Code/data_projects/automatic-asset-classification/data/processing/embankment/test/embankment_307.jpg,1,0
/Users/henriwoodcock/Documents/Code/data_projects/automatic-asset-classification/data/processing/embankment/test/embankment_449.jpg,0,1
/Users/henriwoodcock/Documents/Code/data_projects/automatic-asset-classification/data/processing/embankment/test/embankment_465.jpg,1,0
/Users/henriwoodcock/Documents/Code/data_projects/automatic-asset-classification/data/processing/embankment/test/embankment_303.jpg,1,0
/Users/henriwoodcock/Documents/Code/data_projects/automatic-asset-classification/data/processing/embankment/test/embankment_459.jpg,0,1
/Users/henriwoodcock/Documents/Code/data_projects/automatic-asset-classification/data/processing/embankment/test/embankment_34.jpg,1,0
/Users/henriwoodcock/Documents/Code/data_projects/automatic-asset-classification/data/processing/embankment/test/embankment_20.jpg,1,0
/Users/henriwoodcock/Documents/Code/data_projects/automatic-asset-classification/data/processing/embankment/test/embankment_115.jpg,1,0
/Users/henriwoodcock/Documents/Code/data_projects/automatic-asset-classification/data/processing/embankment/test/embankment_129.jpg,1,0
/Users/henriwoodcock/Documents/Code/data_projects/automatic-asset-classification/data/processing/embankment/test/embankment_277.jpg,1,0
/Users/henriwoodcock/Documents/Code/data_projects/automatic-asset-classification/data/processing/embankment/test/embankment_505.jpg,1,0
/Users/henriwoodcock/Documents/Code/data_projects/automatic-asset-classification/data/processing/embankment/test/embankment_539.jpg,1,0
/Users/henriwoodcock/Documents/Code/data_projects/automatic-asset-classification/data/processing/embankment/test/embankment_288.jpg,1,0
/Users/henriwoodcock/Documents/Code/data_projects/automatic-asset-classification/data/processing/embankment/test/embankment_289.jpg,0,1
/Users/henriwoodcock/Documents/Code/data_projects/automatic-asset-classification/data/processing/embankment/test/embankment_262.jpg,1,0
/Users/henriwoodcock/Documents/Code/data_projects/automatic-asset-classification/data/processing/embankment/test/embankment_504.jpg,1,0
/Users/henriwoodcock/Documents/Code/data_projects/automatic-asset-classification/data/processing/embankment/test/embankment_510.jpg,0,1
/Users/henriwoodcock/Documents/Code/data_projects/automatic-asset-classification/data/processing/embankment/test/embankment_128.jpg,1,0
/Users/henriwoodcock/Documents/Code/data_projects/automatic-asset-classification/data/processing/embankment/test/embankment_114.jpg,1,0
/Users/henriwoodcock/Documents/Code/data_projects/automatic-asset-classification/data/processing/embankment/test/embankment_100.jpg,1,0
/Users/henriwoodcock/Documents/Code/data_projects/automatic-asset-classification/data/processing/embankment/test/embankment_666.jpg,0,1
/Users/henriwoodcock/Documents/Code/data_projects/automatic-asset-classification/data/processing/embankment/test/embankment_21.jpg,1,0
/Users/henriwoodcock/Documents/Code/data_projects/automatic-asset-classification/data/processing/embankment/test/embankment_35.jpg,1,0
/Users/henriwoodcock/Documents/Code/data_projects/automatic-asset-classification/data/processing/embankment/test/embankment_316.jpg,1,0
/Users/henriwoodcock/Documents/Code/data_projects/automatic-asset-classification/data/processing/embankment/test/embankment_470.jpg,0,1
/Users/henriwoodcock/Documents/Code/data_projects/automatic-asset-classification/data/processing/embankment/test/embankment_464.jpg,0,1
/Users/henriwoodcock/Documents/Code/data_projects/automatic-asset-classification/data/processing/embankment/test/embankment_302.jpg,1,0
/Users/henriwoodcock/Documents/Code/data_projects/automatic-asset-classification/data/processing/embankment/test/embankment_472.jpg,1,0
/Users/henriwoodcock/Documents/Code/data_projects/automatic-asset-classification/data/processing/embankment/test/embankment_314.jpg,0,1
/Users/henriwoodcock/Documents/Code/data_projects/automatic-asset-classification/data/processing/embankment/test/embankment_466.jpg,1,0
/Users/henriwoodcock/Documents/Code/data_projects/automatic-asset-classification/data/processing/embankment/test/embankment_328.jpg,1,0
/Users/henriwoodcock/Documents/Code/data_projects/automatic-asset-classification/data/processing/embankment/test/embankment_23.jpg,1,0
/Users/henriwoodcock/Documents/Code/data_projects/automatic-asset-classification/data/processing/embankment/test/embankment_37.jpg,1,0
/Users/henriwoodcock/Documents/Code/data_projects/automatic-asset-classification/data/processing/embankment/test/embankment_116.jpg,0,1
/Users/henriwoodcock/Documents/Code/data_projects/automatic-asset-classification/data/processing/embankment/test/embankment_670.jpg,1,0
/Users/henriwoodcock/Documents/Code/data_projects/automatic-asset-classification/data/processing/embankment/test/embankment_664.jpg,1,0
/Users/henriwoodcock/Documents/Code/data_projects/automatic-asset-classification/data/processing/embankment/test/embankment_658.jpg,0,1
/Users/henriwoodcock/Documents/Code/data_projects/automatic-asset-classification/data/processing/embankment/test/embankment_260.jpg,0,1
/Users/henriwoodcock/Documents/Code/data_projects/automatic-asset-classification/data/processing/embankment/test/embankment_512.jpg,1,0
/Users/henriwoodcock/Documents/Code/data_projects/automatic-asset-classification/data/processing/embankment/test/embankment_248.jpg,0,1
/Users/henriwoodcock/Documents/Code/data_projects/automatic-asset-classification/data/processing/embankment/test/embankment_249.jpg,1,0
/Users/henriwoodcock/Documents/Code/data_projects/automatic-asset-classification/data/processing/embankment/test/embankment_275.jpg,0,1
/Users/henriwoodcock/Documents/Code/data_projects/automatic-asset-classification/data/processing/embankment/test/embankment_513.jpg,0,1
/Users/henriwoodcock/Documents/Code/data_projects/automatic-asset-classification/data/processing/embankment/test/embankment_507.jpg,1,0
/Users/henriwoodcock/Documents/Code/data_projects/automatic-asset-classification/data/processing/embankment/test/embankment_261.jpg,0,1
/Users/henriwoodcock/Documents/Code/data_projects/automatic-asset-classification/data/processing/embankment/test/embankment_659.jpg,1,0
/Users/henriwoodcock/Documents/Code/data_projects/automatic-asset-classification/data/processing/embankment/test/embankment_665.jpg,0,1
/Users/henriwoodcock/Documents/Code/data_projects/automatic-asset-classification/data/processing/embankment/test/embankment_103.jpg,0,1
/Users/henriwoodcock/Documents/Code/data_projects/automatic-asset-classification/data/processing/embankment/test/embankment_117.jpg,1,0
/Users/henriwoodcock/Documents/Code/data_projects/automatic-asset-classification/data/processing/embankment/test/embankment_498.jpg,1,0
/Users/henriwoodcock/Documents/Code/data_projects/automatic-asset-classification/data/processing/embankment/test/embankment_36.jpg,1,0
/Users/henriwoodcock/Documents/Code/data_projects/automatic-asset-classification/data/processing/embankment/test/embankment_22.jpg,1,0
/Users/henriwoodcock/Documents/Code/data_projects/automatic-asset-classification/data/processing/embankment/test/embankment_473.jpg,1,0
/Users/henriwoodcock/Documents/Code/data_projects/automatic-asset-classification/data/processing/embankment/test/embankment_315.jpg,1,0
/Users/henriwoodcock/Documents/Code/data_projects/automatic-asset-classification/data/processing/embankment/test/embankment_428.jpg,0,1
/Users/henriwoodcock/Documents/Code/data_projects/automatic-asset-classification/data/processing/embankment/test/embankment_414.jpg,1,0
/Users/henriwoodcock/Documents/Code/data_projects/automatic-asset-classification/data/processing/embankment/test/embankment_86.jpg,1,0
/Users/henriwoodcock/Documents/Code/data_projects/automatic-asset-classification/data/processing/embankment/test/embankment_372.jpg,0,1
/Users/henriwoodcock/Documents/Code/data_projects/automatic-asset-classification/data/processing/embankment/test/embankment_92.jpg,0,1
/Users/henriwoodcock/Documents/Code/data_projects/automatic-asset-classification/data/processing/embankment/test/embankment_366.jpg,1,0
/Users/henriwoodcock/Documents/Code/data_projects/automatic-asset-classification/data/processing/embankment/test/embankment_400.jpg,1,0
/Users/henriwoodcock/Documents/Code/data_projects/automatic-asset-classification/data/processing/embankment/test/embankment_79.jpg,1,0
/Users/henriwoodcock/Documents/Code/data_projects/automatic-asset-classification/data/processing/embankment/test/embankment_399.jpg,0,1
/Users/henriwoodcock/Documents/Code/data_projects/automatic-asset-classification/data/processing/embankment/test/embankment_158.jpg,1,0
/Users/henriwoodcock/Documents/Code/data_projects/automatic-asset-classification/data/processing/embankment/test/embankment_170.jpg,1,0
/Users/henriwoodcock/Documents/Code/data_projects/automatic-asset-classification/data/processing/embankment/test/embankment_616.jpg,0,1
/Users/henriwoodcock/Documents/Code/data_projects/automatic-asset-classification/data/processing/embankment/test/embankment_602.jpg,0,1
/Users/henriwoodcock/Documents/Code/data_projects/automatic-asset-classification/data/processing/embankment/test/embankment_164.jpg,1,0
/Users/henriwoodcock/Documents/Code/data_projects/automatic-asset-classification/data/processing/embankment/test/embankment_548.jpg,0,1
/Users/henriwoodcock/Documents/Code/data_projects/automatic-asset-classification/data/processing/embankment/test/embankment_560.jpg,1,0
/Users/henriwoodcock/Documents/Code/data_projects/automatic-asset-classification/data/processing/embankment/test/embankment_206.jpg,1,0
/Users/henriwoodcock/Documents/Code/data_projects/automatic-asset-classification/data/processing/embankment/test/embankment_574.jpg,1,0
/Users/henriwoodcock/Documents/Code/data_projects/automatic-asset-classification/data/processing/embankment/test/embankment_213.jpg,1,0
/Users/henriwoodcock/Documents/Code/data_projects/automatic-asset-classification/data/processing/embankment/test/embankment_575.jpg,1,0
/Users/henriwoodcock/Documents/Code/data_projects/automatic-asset-classification/data/processing/embankment/test/embankment_561.jpg,0,1
/Users/henriwoodcock/Documents/Code/data_projects/automatic-asset-classification/data/processing/embankment/test/embankment_549.jpg,1,0
/Users/henriwoodcock/Documents/Code/data_projects/automatic-asset-classification/data/processing/embankment/test/embankment_603.jpg,1,0
/Users/henriwoodcock/Documents/Code/data_projects/automatic-asset-classification/data/processing/embankment/test/embankment_165.jpg,1,0
/Users/henriwoodcock/Documents/Code/data_projects/automatic-asset-classification/data/processing/embankment/test/embankment_171.jpg,1,0
/Users/henriwoodcock/Documents/Code/data_projects/automatic-asset-classification/data/processing/embankment/test/embankment_617.jpg,1,0
/Users/henriwoodcock/Documents/Code/data_projects/automatic-asset-classification/data/processing/embankment/test/embankment_159.jpg,1,0
/Users/henriwoodcock/Documents/Code/data_projects/automatic-asset-classification/data/processing/embankment/test/embankment_50.jpg,1,0
/Users/henriwoodcock/Documents/Code/data_projects/automatic-asset-classification/data/processing/embankment/test/embankment_44.jpg,1,0
/Users/henriwoodcock/Documents/Code/data_projects/automatic-asset-classification/data/processing/embankment/test/embankment_398.jpg,1,0
/Users/henriwoodcock/Documents/Code/data_projects/automatic-asset-classification/data/processing/embankment/test/embankment_78.jpg,1,0
/Users/henriwoodcock/Documents/Code/data_projects/automatic-asset-classification/data/processing/embankment/test/embankment_367.jpg,1,0
/Users/henriwoodcock/Documents/Code/data_projects/automatic-asset-classification/data/processing/embankment/test/embankment_93.jpg,1,0
/Users/henriwoodcock/Documents/Code/data_projects/automatic-asset-classification/data/processing/embankment/test/embankment_415.jpg,1,0
/Users/henriwoodcock/Documents/Code/data_projects/automatic-asset-classification/data/processing/embankment/test/embankment_373.jpg,1,0
/Users/henriwoodcock/Documents/Code/data_projects/automatic-asset-classification/data/processing/embankment/test/embankment_87.jpg,1,0
/Users/henriwoodcock/Documents/Code/data_projects/automatic-asset-classification/data/processing/embankment/test/embankment_359.jpg,1,0
/Users/henriwoodcock/Documents/Code/data_projects/automatic-asset-classification/data/processing/embankment/test/embankment_403.jpg,0,1
/Users/henriwoodcock/Documents/Code/data_projects/automatic-asset-classification/data/processing/embankment/test/embankment_91.jpg,0,1
/Users/henriwoodcock/Documents/Code/data_projects/automatic-asset-classification/data/processing/embankment/test/embankment_85.jpg,1,0
/Users/henriwoodcock/Documents/Code/data_projects/automatic-asset-classification/data/processing/embankment/test/embankment_371.jpg,0,1
/Users/henriwoodcock/Documents/Code/data_projects/automatic-asset-classification/data/processing/embankment/test/embankment_417.jpg,1,0
/Users/henriwoodcock/Documents/Code/data_projects/automatic-asset-classification/data/processing/embankment/test/embankment_52.jpg,1,0
/Users/henriwoodcock/Documents/Code/data_projects/automatic-asset-classification/data/processing/embankment/test/embankment_46.jpg,1,0
/Users/henriwoodcock/Documents/Code/data_projects/automatic-asset-classification/data/processing/embankment/test/embankment_629.jpg,0,1
/Users/henriwoodcock/Documents/Code/data_projects/automatic-asset-classification/data/processing/embankment/test/embankment_167.jpg,1,0
/Users/henriwoodcock/Documents/Code/data_projects/automatic-asset-classification/data/processing/embankment/test/embankment_601.jpg,1,0
/Users/henriwoodcock/Documents/Code/data_projects/automatic-asset-classification/data/processing/embankment/test/embankment_615.jpg,0,1
/Users/henriwoodcock/Documents/Code/data_projects/automatic-asset-classification/data/processing/embankment/test/embankment_173.jpg,0,1
/Users/henriwoodcock/Documents/Code/data_projects/automatic-asset-classification/data/processing/embankment/test/embankment_198.jpg,1,0
/Users/henriwoodcock/Documents/Code/data_projects/automatic-asset-classification/data/processing/embankment/test/embankment_239.jpg,1,0
/Users/henriwoodcock/Documents/Code/data_projects/automatic-asset-classification/data/processing/embankment/test/embankment_577.jpg,0,1
/Users/henriwoodcock/Documents/Code/data_projects/automatic-asset-classification/data/processing/embankment/test/embankment_211.jpg,0,1
/Users/henriwoodcock/Documents/Code/data_projects/automatic-asset-classification/data/processing/embankment/test/embankment_205.jpg,1,0
/Users/henriwoodcock/Documents/Code/data_projects/automatic-asset-classification/data/processing/embankment/test/embankment_563.jpg,0,1
/Users/henriwoodcock/Documents/Code/data_projects/automatic-asset-classification/data/processing/embankment/test/embankment_589.jpg,0,1
/Users/henriwoodcock/Documents/Code/data_projects/automatic-asset-classification/data/processing/embankment/test/embankment_204.jpg,1,0
/Users/henriwoodcock/Documents/Code/data_projects/automatic-asset-classification/data/processing/embankment/test/embankment_562.jpg,1,0
/Users/henriwoodcock/Documents/Code/data_projects/automatic-asset-classification/data/processing/embankment/test/embankment_576.jpg,0,1
/Users/henriwoodcock/Documents/Code/data_projects/automatic-asset-classification/data/processing/embankment/test/embankment_210.jpg,1,0
/Users/henriwoodcock/Documents/Code/data_projects/automatic-asset-classification/data/processing/embankment/test/embankment_199.jpg,1,0
/Users/henriwoodcock/Documents/Code/data_projects/automatic-asset-classification/data/processing/embankment/test/embankment_614.jpg,0,1
/Users/henriwoodcock/Documents/Code/data_projects/automatic-asset-classification/data/processing/embankment/test/embankment_172.jpg,1,0
/Users/henriwoodcock/Documents/Code/data_projects/automatic-asset-classification/data/processing/embankment/test/embankment_166.jpg,1,0
/Users/henriwoodcock/Documents/Code/data_projects/automatic-asset-classification/data/processing/embankment/test/embankment_600.jpg,1,0
/Users/henriwoodcock/Documents/Code/data_projects/automatic-asset-classification/data/processing/embankment/test/embankment_628.jpg,0,1
/Users/henriwoodcock/Documents/Code/data_projects/automatic-asset-classification/data/processing/embankment/test/embankment_47.jpg,1,0
/Users/henriwoodcock/Documents/Code/data_projects/automatic-asset-classification/data/processing/embankment/test/embankment_53.jpg,1,0
/Users/henriwoodcock/Documents/Code/data_projects/automatic-asset-classification/data/processing/embankment/test/embankment_84.jpg,1,0
/Users/henriwoodcock/Documents/Code/data_projects/automatic-asset-classification/data/processing/embankment/test/embankment_416.jpg,0,1
/Users/henriwoodcock/Documents/Code/data_projects/automatic-asset-classification/data/processing/embankment/test/embankment_402.jpg,1,0
/Users/henriwoodcock/Documents/Code/data_projects/automatic-asset-classification/data/processing/embankment/test/embankment_364.jpg,0,1
/Users/henriwoodcock/Documents/Code/data_projects/automatic-asset-classification/data/processing/embankment/test/embankment_358.jpg,0,1
/Users/henriwoodcock/Documents/Code/data_projects/automatic-asset-classification/data/processing/embankment/test/embankment_94.jpg,1,0
/Users/henriwoodcock/Documents/Code/data_projects/automatic-asset-classification/data/processing/embankment/test/embankment_412.jpg,0,1
/Users/henriwoodcock/Documents/Code/data_projects/automatic-asset-classification/data/processing/embankment/test/embankment_80.jpg,1,0
/Users/henriwoodcock/Documents/Code/data_projects/automatic-asset-classification/data/processing/embankment/test/embankment_43.jpg,1,0
/Users/henriwoodcock/Documents/Code/data_projects/automatic-asset-classification/data/processing/embankment/test/embankment_162.jpg,1,0
/Users/henriwoodcock/Documents/Code/data_projects/automatic-asset-classification/data/processing/embankment/test/embankment_176.jpg,1,0
/Users/henriwoodcock/Documents/Code/data_projects/automatic-asset-classification/data/processing/embankment/test/embankment_610.jpg,1,0
/Users/henriwoodcock/Documents/Code/data_projects/automatic-asset-classification/data/processing/embankment/test/embankment_638.jpg,0,1
/Users/henriwoodcock/Documents/Code/data_projects/automatic-asset-classification/data/processing/embankment/test/embankment_189.jpg,0,1
/Users/henriwoodcock/Documents/Code/data_projects/automatic-asset-classification/data/processing/embankment/test/embankment_214.jpg,1,0
/Users/henriwoodcock/Documents/Code/data_projects/automatic-asset-classification/data/processing/embankment/test/embankment_572.jpg,1,0
/Users/henriwoodcock/Documents/Code/data_projects/automatic-asset-classification/data/processing/embankment/test/embankment_200.jpg,1,0
/Users/henriwoodcock/Documents/Code/data_projects/automatic-asset-classification/data/processing/embankment/test/embankment_228.jpg,1,0
/Users/henriwoodcock/Documents/Code/data_projects/automatic-asset-classification/data/processing/embankment/test/embankment_229.jpg,0,1
/Users/henriwoodcock/Documents/Code/data_projects/automatic-asset-classification/data/processing/embankment/test/embankment_567.jpg,1,0
/Users/henriwoodcock/Documents/Code/data_projects/automatic-asset-classification/data/processing/embankment/test/embankment_201.jpg,0,1
/Users/henriwoodcock/Documents/Code/data_projects/automatic-asset-classification/data/processing/embankment/test/embankment_215.jpg,1,0
/Users/henriwoodcock/Documents/Code/data_projects/automatic-asset-classification/data/processing/embankment/test/embankment_573.jpg,1,0
/Users/henriwoodcock/Documents/Code/data_projects/automatic-asset-classification/data/processing/embankment/test/embankment_639.jpg,1,0
/Users/henriwoodcock/Documents/Code/data_projects/automatic-asset-classification/data/processing/embankment/test/embankment_177.jpg,1,0
/Users/henriwoodcock/Documents/Code/data_projects/automatic-asset-classification/data/processing/embankment/test/embankment_611.jpg,0,1
/Users/henriwoodcock/Documents/Code/data_projects/automatic-asset-classification/data/processing/embankment/test/embankment_605.jpg,0,1
/Users/henriwoodcock/Documents/Code/data_projects/automatic-asset-classification/data/processing/embankment/test/embankment_163.jpg,1,0
/Users/henriwoodcock/Documents/Code/data_projects/automatic-asset-classification/data/processing/embankment/test/embankment_42.jpg,1,0
/Users/henriwoodcock/Documents/Code/data_projects/automatic-asset-classification/data/processing/embankment/test/embankment_56.jpg,1,0
/Users/henriwoodcock/Documents/Code/data_projects/automatic-asset-classification/data/processing/embankment/test/embankment_413.jpg,1,0
/Users/henriwoodcock/Documents/Code/data_projects/automatic-asset-classification/data/processing/embankment/test/embankment_375.jpg,0,1
/Users/henriwoodcock/Documents/Code/data_projects/automatic-asset-classification/data/processing/embankment/test/embankment_81.jpg,1,0
/Users/henriwoodcock/Documents/Code/data_projects/automatic-asset-classification/data/processing/embankment/test/embankment_361.jpg,0,1
/Users/henriwoodcock/Documents/Code/data_projects/automatic-asset-classification/data/processing/embankment/test/embankment_83.jpg,1,0
/Users/henriwoodcock/Documents/Code/data_projects/automatic-asset-classification/data/processing/embankment/test/embankment_377.jpg,1,0
/Users/henriwoodcock/Documents/Code/data_projects/automatic-asset-classification/data/processing/embankment/test/embankment_411.jpg,0,1
/Users/henriwoodcock/Documents/Code/data_projects/automatic-asset-classification/data/processing/embankment/test/embankment_97.jpg,0,1
/Users/henriwoodcock/Documents/Code/data_projects/automatic-asset-classification/data/processing/embankment/test/embankment_363.jpg,0,1
/Users/henriwoodcock/Documents/Code/data_projects/automatic-asset-classification/data/processing/embankment/test/embankment_439.jpg,0,1
/Users/henriwoodcock/Documents/Code/data_projects/automatic-asset-classification/data/processing/embankment/test/embankment_40.jpg,1,0
/Users/henriwoodcock/Documents/Code/data_projects/automatic-asset-classification/data/processing/embankment/test/embankment_54.jpg,1,0
/Users/henriwoodcock/Documents/Code/data_projects/automatic-asset-classification/data/processing/embankment/test/embankment_388.jpg,0,1
/Users/henriwoodcock/Documents/Code/data_projects/automatic-asset-classification/data/processing/embankment/test/embankment_68.jpg,1,0
/Users/henriwoodcock/Documents/Code/data_projects/automatic-asset-classification/data/processing/embankment/test/embankment_613.jpg,0,1
/Users/henriwoodcock/Documents/Code/data_projects/automatic-asset-classification/data/processing/embankment/test/embankment_175.jpg,0,1
/Users/henriwoodcock/Documents/Code/data_projects/automatic-asset-classification/data/processing/embankment/test/embankment_161.jpg,1,0
/Users/henriwoodcock/Documents/Code/data_projects/automatic-asset-classification/data/processing/embankment/test/embankment_607.jpg,0,1
/Users/henriwoodcock/Documents/Code/data_projects/automatic-asset-classification/data/processing/embankment/test/embankment_149.jpg,1,0
/Users/henriwoodcock/Documents/Code/data_projects/automatic-asset-classification/data/processing/embankment/test/embankment_203.jpg,1,0
/Users/henriwoodcock/Documents/Code/data_projects/automatic-asset-classification/data/processing/embankment/test/embankment_565.jpg,0,1
/Users/henriwoodcock/Documents/Code/data_projects/automatic-asset-classification/data/processing/embankment/test/embankment_217.jpg,0,1
/Users/henriwoodcock/Documents/Code/data_projects/automatic-asset-classification/data/processing/embankment/test/embankment_570.jpg,1,0
/Users/henriwoodcock/Documents/Code/data_projects/automatic-asset-classification/data/processing/embankment/test/embankment_216.jpg,1,0
/Users/henriwoodcock/Documents/Code/data_projects/automatic-asset-classification/data/processing/embankment/test/embankment_202.jpg,1,0
/Users/henriwoodcock/Documents/Code/data_projects/automatic-asset-classification/data/processing/embankment/test/embankment_564.jpg,0,1
/Users/henriwoodcock/Documents/Code/data_projects/automatic-asset-classification/data/processing/embankment/test/embankment_148.jpg,1,0
/Users/henriwoodcock/Documents/Code/data_projects/automatic-asset-classification/data/processing/embankment/test/embankment_160.jpg,0,1
/Users/henriwoodcock/Documents/Code/data_projects/automatic-asset-classification/data/processing/embankment/test/embankment_612.jpg,1,0
/Users/henriwoodcock/Documents/Code/data_projects/automatic-asset-classification/data/processing/embankment/test/embankment_174.jpg,0,1
/Users/henriwoodcock/Documents/Code/data_projects/automatic-asset-classification/data/processing/embankment/test/embankment_69.jpg,0,1
/Users/henriwoodcock/Documents/Code/data_projects/automatic-asset-classification/data/processing/embankment/test/embankment_55.jpg,1,0
/Users/henriwoodcock/Documents/Code/data_projects/automatic-asset-classification/data/processing/embankment/test/embankment_41.jpg,1,0
/Users/henriwoodcock/Documents/Code/data_projects/automatic-asset-classification/data/processing/embankment/test/embankment_438.jpg,1,0
/Users/henriwoodcock/Documents/Code/data_projects/automatic-asset-classification/data/processing/embankment/test/embankment_404.jpg,1,0
/Users/henriwoodcock/Documents/Code/data_projects/automatic-asset-classification/data/processing/embankment/test/embankment_362.jpg,1,0
/Users/henriwoodcock/Documents/Code/data_projects/automatic-asset-classification/data/processing/embankment/test/embankment_96.jpg,0,1
/Users/henriwoodcock/Documents/Code/data_projects/automatic-asset-classification/data/processing/embankment/test/embankment_376.jpg,0,1
/Users/henriwoodcock/Documents/Code/data_projects/automatic-asset-classification/data/processing/embankment/test/embankment_82.jpg,0,1
,309,176